{
  "0": {
    "direction": [
      1.0,
      0.0,
      0.0
    ],
    "axis": "X",
    "sign": "+",
    "position": 8.864999771118164,
    "center": [
      8.864999771118164,
      5.635999870300293,
      1.5
    ],
    "face_count": 3,
    "run_idx": 0,
    "start_junction_id": 5,
    "end_junction_id": 3
  },
  "1": {
    "direction": [
      -1.0,
      0.0,
      0.0
    ],
    "axis": "X",
    "sign": "-",
    "position": 8.645000457763672,
    "center": [
      8.645000457763672,
      5.630000114440918,
      1.5
    ],
    "face_count": 1,
    "run_idx": 0,
    "start_junction_id": 5,
    "end_junction_id": 3
  },
  "2": {
    "direction": [
      0.0,
      1.0,
      0.0
    ],
    "axis": "Y",
    "sign": "+",
    "position": 9.817500114440918,
    "center": [
      7.328750133514404,
      9.817500114440918,
      1.5
    ],
    "face_count": 2,
    "run_idx": 1,
    "start_junction_id": 3,
    "end_junction_id": 9
  },
  "3": {
    "direction": [
      0.0,
      -1.0,
      0.0
    ],
    "axis": "Y",
    "sign": "-",
    "position": 9.775000095367432,
    "center": [
      4.476250171661377,
      9.775000095367432,
      1.5
    ],
    "face_count": 2,
    "run_idx": 1,
    "start_junction_id": 3,
    "end_junction_id": 9
  },
  "4": {
    "direction": [
      1.0,
      0.0,
      0.0
    ],
    "axis": "X",
    "sign": "+",
    "position": 3.15500009059906,
    "center": [
      3.15500009059906,
      10.65625,
      1.5
    ],
    "face_count": 2,
    "run_idx": 2,
    "start_junction_id": 9,
    "end_junction_id": 4
  },
  "5": {
    "direction": [
      -1.0,
      0.0,
      0.0
    ],
    "axis": "X",
    "sign": "-",
    "position": 2.940000057220459,
    "center": [
      2.940000057220459,
      10.088749885559082,
      1.5
    ],
    "face_count": 2,
    "run_idx": 2,
    "start_junction_id": 9,
    "end_junction_id": 4
  },
  "6": {
    "direction": [
      0.0,
      1.0,
      0.0
    ],
    "axis": "Y",
    "sign": "+",
    "position": 11.020000457763672,
    "center": [
      1.588000077009201,
      11.020000457763672,
      1.5
    ],
    "face_count": 3,
    "run_idx": 3,
    "start_junction_id": 4,
    "end_junction_id": 2
  },
  "7": {
    "direction": [
      0.0,
      -1.0,
      0.0
    ],
    "axis": "Y",
    "sign": "-",
    "position": 10.800000190734863,
    "center": [
      1.6200001239776611,
      10.800000190734863,
      1.5
    ],
    "face_count": 1,
    "run_idx": 3,
    "start_junction_id": 4,
    "end_junction_id": 2
  },
  "8": {
    "direction": [
      1.0,
      0.0,
      0.0
    ],
    "axis": "X",
    "sign": "+",
    "position": 0.2199999988079071,
    "center": [
      0.2199999988079071,
      6.270000457763672,
      1.5
    ],
    "face_count": 1,
    "run_idx": 4,
    "start_junction_id": 2,
    "end_junction_id": 6
  },
  "9": {
    "direction": [
      -1.0,
      0.0,
      0.0
    ],
    "axis": "X",
    "sign": "-",
    "position": 0.0,
    "center": [
      0.0,
      6.2180000305175795,
      1.5
    ],
    "face_count": 3,
    "run_idx": 4,
    "start_junction_id": 2,
    "end_junction_id": 6
  },
  "10": {
    "direction": [
      0.0,
      1.0,
      0.0
    ],
    "axis": "Y",
    "sign": "+",
    "position": 1.6100000143051147,
    "center": [
      4.019999980926514,
      1.6100000143051147,
      1.5
    ],
    "face_count": 1,
    "run_idx": 5,
    "start_junction_id": 6,
    "end_junction_id": 13
  },
  "11": {
    "direction": [
      0.0,
      -1.0,
      0.0
    ],
    "axis": "Y",
    "sign": "-",
    "position": 1.4549999833106995,
    "center": [
      2.0649999901652336,
      1.4549999833106995,
      1.5
    ],
    "face_count": 2,
    "run_idx": 5,
    "start_junction_id": 6,
    "end_junction_id": 13
  },
  "12": {
    "direction": [
      0.0,
      1.0,
      0.0
    ],
    "axis": "Y",
    "sign": "+",
    "position": 1.6100000143051147,
    "center": [
      8.452499389648438,
      1.6100000143051147,
      1.5
    ],
    "face_count": 1,
    "run_idx": 6,
    "start_junction_id": 13,
    "end_junction_id": 5
  },
  "13": {
    "direction": [
      0.0,
      -1.0,
      0.0
    ],
    "axis": "Y",
    "sign": "-",
    "position": 1.449999988079071,
    "center": [
      8.603749752044678,
      1.449999988079071,
      1.5
    ],
    "face_count": 2,
    "run_idx": 6,
    "start_junction_id": 13,
    "end_junction_id": 5
  }
}