{
  "0": {
    "direction": [
      0.0,
      1.0,
      0.0
    ],
    "axis": "Y",
    "sign": "+",
    "position": 9.0600004196167,
    "center": [
      7.300000190734863,
      9.0600004196167,
      1.5
    ],
    "face_count": 2,
    "run_idx": 0,
    "start_junction_id": 4,
    "end_junction_id": 9
  },
  "1": {
    "direction": [
      0.0,
      -1.0,
      0.0
    ],
    "axis": "Y",
    "sign": "-",
    "position": 8.894999980926514,
    "center": [
      4.442499876022339,
      8.894999980926514,
      1.5
    ],
    "face_count": 2,
    "run_idx": 0,
    "start_junction_id": 4,
    "end_junction_id": 9
  },
  "2": {
    "direction": [
      1.0,
      0.0,
      0.0
    ],
    "axis": "X",
    "sign": "+",
    "position": 3.09250009059906,
    "center": [
      3.09250009059906,
      9.855000019073486,
      1.5
    ],
    "face_count": 2,
    "run_idx": 1,
    "start_junction_id": 9,
    "end_junction_id": 5
  },
  "3": {
    "direction": [
      -1.0,
      0.0,
      0.0
    ],
    "axis": "X",
    "sign": "-",
    "position": 2.9325000047683716,
    "center": [
      2.9325000047683716,
      9.270000457763672,
      1.5
    ],
    "face_count": 2,
    "run_idx": 1,
    "start_junction_id": 9,
    "end_junction_id": 5
  },
  "4": {
    "direction": [
      0.0,
      1.0,
      0.0
    ],
    "axis": "Y",
    "sign": "+",
    "position": 10.229999542236328,
    "center": [
      1.5629999816417695,
      10.229999542236328,
      1.5
    ],
    "face_count": 3,
    "run_idx": 2,
    "start_junction_id": 5,
    "end_junction_id": 2
  },
  "5": {
    "direction": [
      0.0,
      -1.0,
      0.0
    ],
    "axis": "Y",
    "sign": "-",
    "position": 10.010000228881836,
    "center": [
      1.5149999856948853,
      10.010000228881836,
      1.5
    ],
    "face_count": 1,
    "run_idx": 2,
    "start_junction_id": 5,
    "end_junction_id": 2
  },
  "6": {
    "direction": [
      1.0,
      0.0,
      0.0
    ],
    "axis": "X",
    "sign": "+",
    "position": 0.2199999988079071,
    "center": [
      0.2199999988079071,
      5.355000019073486,
      1.5
    ],
    "face_count": 1,
    "run_idx": 3,
    "start_junction_id": 2,
    "end_junction_id": 7
  },
  "7": {
    "direction": [
      -1.0,
      0.0,
      0.0
    ],
    "axis": "X",
    "sign": "-",
    "position": 0.0,
    "center": [
      0.0,
      5.398999953269959,
      1.5
    ],
    "face_count": 3,
    "run_idx": 3,
    "start_junction_id": 2,
    "end_junction_id": 7
  },
  "8": {
    "direction": [
      0.0,
      1.0,
      0.0
    ],
    "axis": "Y",
    "sign": "+",
    "position": 0.8100000023841858,
    "center": [
      4.489999771118164,
      0.8100000023841858,
      1.5
    ],
    "face_count": 1,
    "run_idx": 4,
    "start_junction_id": 7,
    "end_junction_id": 6
  },
  "9": {
    "direction": [
      0.0,
      -1.0,
      0.0
    ],
    "axis": "Y",
    "sign": "-",
    "position": 0.5899999737739563,
    "center": [
      4.443999999761582,
      0.5899999737739563,
      1.5
    ],
    "face_count": 3,
    "run_idx": 4,
    "start_junction_id": 7,
    "end_junction_id": 6
  },
  "10": {
    "direction": [
      1.0,
      0.0,
      0.0
    ],
    "axis": "X",
    "sign": "+",
    "position": 8.864999771118164,
    "center": [
      8.864999771118164,
      4.836000323295593,
      1.5
    ],
    "face_count": 3,
    "run_idx": 5,
    "start_junction_id": 6,
    "end_junction_id": 4
  },
  "11": {
    "direction": [
      -1.0,
      0.0,
      0.0
    ],
    "axis": "X",
    "sign": "-",
    "position": 8.645000457763672,
    "center": [
      8.645000457763672,
      4.880000114440918,
      1.5
    ],
    "face_count": 1,
    "run_idx": 5,
    "start_junction_id": 6,
    "end_junction_id": 4
  }
}