{
  "0": {
    "direction": [
      0.0,
      1.0,
      0.0
    ],
    "axis": "Y",
    "sign": "+",
    "position": 9.005000114440918,
    "center": [
      7.326250076293946,
      9.005000114440918,
      1.5
    ],
    "face_count": 2,
    "run_idx": 0,
    "start_junction_id": 4,
    "end_junction_id": 9
  },
  "1": {
    "direction": [
      0.0,
      -1.0,
      0.0
    ],
    "axis": "Y",
    "sign": "-",
    "position": 8.950000286102295,
    "center": [
      4.463750004768372,
      8.950000286102295,
      1.5
    ],
    "face_count": 2,
    "run_idx": 0,
    "start_junction_id": 4,
    "end_junction_id": 9
  },
  "2": {
    "direction": [
      1.0,
      0.0,
      0.0
    ],
    "axis": "X",
    "sign": "+",
    "position": 3.1425000429153442,
    "center": [
      3.1425000429153442,
      9.850000381469727,
      1.5
    ],
    "face_count": 2,
    "run_idx": 1,
    "start_junction_id": 9,
    "end_junction_id": 5
  },
  "3": {
    "direction": [
      -1.0,
      0.0,
      0.0
    ],
    "axis": "X",
    "sign": "-",
    "position": 2.924999952316284,
    "center": [
      2.924999952316284,
      9.270000457763672,
      1.5
    ],
    "face_count": 2,
    "run_idx": 1,
    "start_junction_id": 9,
    "end_junction_id": 5
  },
  "4": {
    "direction": [
      0.0,
      1.0,
      0.0
    ],
    "axis": "Y",
    "sign": "+",
    "position": 10.119999885559082,
    "center": [
      1.57599995136261,
      10.119999885559082,
      1.5
    ],
    "face_count": 3,
    "run_idx": 2,
    "start_junction_id": 5,
    "end_junction_id": 2
  },
  "5": {
    "direction": [
      0.0,
      -1.0,
      0.0
    ],
    "axis": "Y",
    "sign": "-",
    "position": 10.0,
    "center": [
      1.5700000524520874,
      10.0,
      1.5
    ],
    "face_count": 1,
    "run_idx": 2,
    "start_junction_id": 5,
    "end_junction_id": 2
  },
  "6": {
    "direction": [
      1.0,
      0.0,
      0.0
    ],
    "axis": "X",
    "sign": "+",
    "position": 0.23000000417232513,
    "center": [
      0.23000000417232513,
      5.409999847412109,
      1.5
    ],
    "face_count": 1,
    "run_idx": 3,
    "start_junction_id": 2,
    "end_junction_id": 7
  },
  "7": {
    "direction": [
      -1.0,
      0.0,
      0.0
    ],
    "axis": "X",
    "sign": "-",
    "position": 0.009999999776482582,
    "center": [
      0.009999999776482582,
      5.402000212669373,
      1.5
    ],
    "face_count": 3,
    "run_idx": 3,
    "start_junction_id": 2,
    "end_junction_id": 7
  },
  "8": {
    "direction": [
      0.0,
      1.0,
      0.0
    ],
    "axis": "Y",
    "sign": "+",
    "position": 0.800000011920929,
    "center": [
      4.434999942779541,
      0.800000011920929,
      1.5
    ],
    "face_count": 1,
    "run_idx": 4,
    "start_junction_id": 7,
    "end_junction_id": 6
  },
  "9": {
    "direction": [
      0.0,
      -1.0,
      0.0
    ],
    "axis": "Y",
    "sign": "-",
    "position": 0.699999988079071,
    "center": [
      4.439000082015991,
      0.699999988079071,
      1.5
    ],
    "face_count": 3,
    "run_idx": 4,
    "start_junction_id": 7,
    "end_junction_id": 6
  },
  "10": {
    "direction": [
      1.0,
      0.0,
      0.0
    ],
    "axis": "X",
    "sign": "+",
    "position": 8.859999656677246,
    "center": [
      8.859999656677246,
      4.821000266075135,
      1.5
    ],
    "face_count": 3,
    "run_idx": 5,
    "start_junction_id": 6,
    "end_junction_id": 4
  },
  "11": {
    "direction": [
      -1.0,
      0.0,
      0.0
    ],
    "axis": "X",
    "sign": "-",
    "position": 8.649999618530273,
    "center": [
      8.649999618530273,
      4.824999809265137,
      1.5
    ],
    "face_count": 1,
    "run_idx": 5,
    "start_junction_id": 6,
    "end_junction_id": 4
  }
}