{
  "0": {
    "direction": [
      0.0,
      1.0,
      0.0
    ],
    "axis": "Y",
    "sign": "+",
    "position": 9.055000305175781,
    "center": [
      6.185250234603882,
      9.055000305175781,
      1.5
    ],
    "face_count": 8,
    "run_idx": 0,
    "start_junction_id": 4,
    "end_junction_id": 9
  },
  "1": {
    "direction": [
      0.0,
      -1.0,
      0.0
    ],
    "axis": "Y",
    "sign": "-",
    "position": 8.845000267028809,
    "center": [
      5.560285675525665,
      8.845000267028809,
      1.5
    ],
    "face_count": 8,
    "run_idx": 0,
    "start_junction_id": 4,
    "end_junction_id": 9
  },
  "2": {
    "direction": [
      1.0,
      0.0,
      0.0
    ],
    "axis": "X",
    "sign": "+",
    "position": 3.140000104904175,
    "center": [
      3.140000104904175,
      9.822500228881836,
      1.5
    ],
    "face_count": 2,
    "run_idx": 1,
    "start_junction_id": 9,
    "end_junction_id": 5
  },
  "3": {
    "direction": [
      -1.0,
      0.0,
      0.0
    ],
    "axis": "X",
    "sign": "-",
    "position": 2.930000066757202,
    "center": [
      2.930000066757202,
      9.242500305175781,
      1.5
    ],
    "face_count": 2,
    "run_idx": 1,
    "start_junction_id": 9,
    "end_junction_id": 5
  },
  "4": {
    "direction": [
      0.0,
      1.0,
      0.0
    ],
    "axis": "Y",
    "sign": "+",
    "position": 10.21500015258789,
    "center": [
      1.5775000520050524,
      10.21500015258789,
      1.5
    ],
    "face_count": 5,
    "run_idx": 2,
    "start_junction_id": 5,
    "end_junction_id": 2
  },
  "5": {
    "direction": [
      0.0,
      -1.0,
      0.0
    ],
    "axis": "Y",
    "sign": "-",
    "position": 10.005000114440918,
    "center": [
      1.58000003695488,
      10.005000114440918,
      1.5
    ],
    "face_count": 3,
    "run_idx": 2,
    "start_junction_id": 5,
    "end_junction_id": 2
  },
  "6": {
    "direction": [
      1.0,
      0.0,
      0.0
    ],
    "axis": "X",
    "sign": "+",
    "position": 0.22499999403953552,
    "center": [
      0.22499999403953552,
      5.340000200271607,
      1.5
    ],
    "face_count": 7,
    "run_idx": 3,
    "start_junction_id": 2,
    "end_junction_id": 7
  },
  "7": {
    "direction": [
      -1.0,
      0.0,
      0.0
    ],
    "axis": "X",
    "sign": "-",
    "position": 0.014999999664723873,
    "center": [
      0.014999999664723873,
      5.376000255346298,
      1.5
    ],
    "face_count": 9,
    "run_idx": 3,
    "start_junction_id": 2,
    "end_junction_id": 7
  },
  "8": {
    "direction": [
      0.0,
      1.0,
      0.0
    ],
    "axis": "Y",
    "sign": "+",
    "position": 0.7950000166893005,
    "center": [
      4.428749792277813,
      0.7950000166893005,
      1.5
    ],
    "face_count": 6,
    "run_idx": 4,
    "start_junction_id": 7,
    "end_junction_id": 6
  },
  "9": {
    "direction": [
      0.0,
      -1.0,
      0.0
    ],
    "axis": "Y",
    "sign": "-",
    "position": 0.5868749916553497,
    "center": [
      4.431249736994505,
      0.5868749916553497,
      1.5
    ],
    "face_count": 8,
    "run_idx": 4,
    "start_junction_id": 7,
    "end_junction_id": 6
  },
  "10": {
    "direction": [
      1.0,
      0.0,
      0.0
    ],
    "axis": "X",
    "sign": "+",
    "position": 8.864999771118164,
    "center": [
      8.864999771118164,
      5.0345001578331,
      1.5
    ],
    "face_count": 7,
    "run_idx": 5,
    "start_junction_id": 6,
    "end_junction_id": 4
  },
  "11": {
    "direction": [
      -1.0,
      0.0,
      0.0
    ],
    "axis": "X",
    "sign": "-",
    "position": 8.654999732971191,
    "center": [
      8.654999732971191,
      5.247499990463257,
      1.5
    ],
    "face_count": 5,
    "run_idx": 5,
    "start_junction_id": 6,
    "end_junction_id": 4
  }
}